patient_nbr,first_name,last_name,address,cellphone
1927701,Jason,Rogers,"600 Maria Loaf, Port Coryview, MO 41716",+1-303-998-1117x20128
37692207,Jose,Johnson,"48927 Haley Cove, Trevorville, TX 16323",088-673-1183x6854
1280295,Christopher,Roman,"5072 Young Flats Apt. 782, South John, NJ 40757",921-128-8417x430
28319724,David,Miller,"380 Mason Corners Apt. 553, North Jamesmouth, VA 41822",465-162-8884x28961
2146572,Kathryn,Norton,"764 Natalie Drive, Singhshire, TX 07463",001-930-178-1013x3455
11172978,Crystal,Gibbs,"44890 Donald Unions Apt. 088, Barnesshire, WA 79954",196-358-4160
21370131,Michael,Flores,"202 Giles Forge, Port Carolyn, SC 22526",001-857-389-8555
29152125,Carolyn,Gonzalez,"03066 Anthony Tunnel, Justinstad, DE 56660",7604323540
23512581,Aaron,Clark,"275 Pham Inlet, Gillmouth, MT 67687",001-299-145-9029x854
6026499,Stephanie,Harris,"41121 Stevens Causeway Apt. 273, Jessicafort, NV 51792",7436408497
24137928,Jason,Briggs,"52517 Chang Ranch, Knappview, CA 98903",001-403-713-5474x4345
101978208,Mariah,Macias,"1155 Julia Mission Apt. 515, Hamiltonland, CA 38547",009.848.9574x35831
81447705,Bobby,Thomas,"7836 Maxwell Squares, South Tina, NM 05148",001-928-891-2394
90063279,April,Bailey,"0283 Jennifer Cliffs, West Apriltown, AK 92105",644.752.7567x652
33553044,Brian,Escobar,"937 Cameron Trail, Katherinetown, ND 15136",(298)330-2915
89972676,Sarah,Cole,"5242 Frazier Squares, Lorettaville, HI 26949",+1-630-628-8764x3029
58945059,Lisa,Romero,"9660 Hughes Expressway, New Alvinland, MN 15694",603-890-4410
24872661,Shawn,Gonzalez,"704 Braun Shore Suite 092, West Patricia, RI 80986",001-825-417-0326x982
42451245,Jessica,Estrada,"1402 Scott Key Apt. 313, New Crystalstad, HI 41877",+1-783-593-7333x62232
62847306,Amanda,Snow,"4750 Chris Street, Cherylland, KS 76979",(079)333-2275x46331
90607419,Danny,Bennett,"287 Rice Shoal Apt. 839, Port Brian, NM 50139",097.567.3549
24035283,Robert,Davis,"50111 Robert Cliff Apt. 602, Lake Jeanette, OH 51565",157.916.0370
39895713,Douglas,Best,"0065 Hobbs Inlet Suite 519, Williamchester, ID 50659",189.744.4420
36617823,Timothy,Thomas,"441 Simon Mountains, Port Toddmouth, UT 08680",(590)257-8132
55292436,Sandra,Martinez,"59126 Ross Via Suite 940, Garrisonton, CO 32111",1987015801
89058060,Kevin,Montgomery,"66763 Michael Cliffs Apt. 754, Ronaldhaven, MI 06604",307.873.4046
92559258,Zoe,Gray,"14594 Deleon Brooks, Harrisonstad, WV 82739",9170359396
44436024,Pamela,Campbell,"942 James Rapids Apt. 824, Schmittmouth, NH 11650",963-340-5685
78384852,Katherine,Clark,"605 Kane Hollow Suite 362, Kaylamouth, RI 07241",(464)021-5627x906
85607928,Jason,Holmes,"68789 White Lane, Robinsonshire, LA 41667",(487)294-1331x946
41497380,Erin,Gay,"67103 Jones Plain, South Davidmouth, ND 36966",001-411-464-3926x235
89947233,Terri,Miller,"6248 Jack Falls, Jordanbury, NH 08924",8928021758
92275866,Jim,Blanchard,"9491 Cisneros Corners, Hamiltonstad, OK 31328",995.723.9562x883
93226671,Carl,Arnold,"7707 Stephanie Estate, Sharonchester, RI 99925",275-872-4450
12109077,John,Shaw,"8643 Forbes Tunnel Suite 902, Port Edward, TN 05383",196-035-6577x7897
1953810,Barbara,White,"623 Madison Alley, East Chelsey, TX 12948",579-708-5616
24336036,John,Mercado,"13277 Anna Fork Suite 383, Lake Cheryl, IL 13910",383.996.0903x823
23748228,Bryan,Crosby,"23311 Kayla Forks, Haynesview, CT 52828",(414)735-7854x008
15228135,Colleen,Martin,"8585 Michael Land, North Anna, IN 07620",7498006753
91223523,Aaron,Mendez,"3974 Ramos Garden Apt. 188, Kaylatown, KY 45867",366-772-2048x9165
65367621,Amy,Meyer,"7770 Lewis Springs, North Jenniferberg, TX 24630",334.839.4111
143298950,Johnathan,Williams,"1773 Sanchez Inlet Apt. 953, Janeport, ME 05682",001-909-301-8078x2697
84476079,April,Johnson,"1453 Young Locks Suite 655, Samuelfurt, DE 83147",603.453.5807x5675
22198374,Chad,Garcia,"6184 Ashley Square Suite 874, West Toddberg, NM 91107",(244)682-9586x93526
23920074,Michael,Cox,"0311 Brenda Extension Apt. 249, Perezport, IL 25707",001-801-702-8728
